<?xml version="1.0" encoding="utf-8"?>
<extension type="plugin" group="system" method="upgrade">
	<name>PLG_SYSTEM_CUSTOMCSSGHSVS</name>
	<author>G@HService Berlin Neukölln, Volkmar Volli Schlothauer</author>
	<creationDate>2014-03-15</creationDate>
	<copyright>(C) 2014, G@HService Berlin Neukölln, Volkmar Volli Schlothauer.</copyright>
	<license>GNU General Public License version 3 or later; see LICENSE.txt.</license>
	<authorUrl>https://www.ghsvs.de</authorUrl>
	<version>2021.08.05</version>
	<description>PLG_SYSTEM_CUSTOMCSSGHSVS_XML_DESCRIPTION</description>

	<versionHistory>
		https://updates.ghsvs.de/changelog.php?file=plg_system_customcssghsvs
	</versionHistory>

	<updateservers><server type="extension" priority="1" name="PLG_SYSTEM_CUSTOMCSSGHSVS">https://raw.githubusercontent.com/GHSVS-de/upadateservers/master/plg_system_customcssghsvs-update.xml</server></updateservers>

	<changelogurl>https://raw.githubusercontent.com/GHSVS-de/upadateservers/master/plg_system_customcssghsvs-changelog.xml</changelogurl>

	<infourl>https://github.com/GHSVS-de/plg_system_customcssghsvs#readme</infourl>

	<downloadUrl>
	https://github.com/GHSVS-de/plg_system_customcssghsvs/raw/2021.08.05/dist/plg_system_customcssghsvs-2021.08.05.zip
	</downloadUrl>

	<versionCompare>
	https://github.com/GHSVS-de/plg_system_customcssghsvs/compare/2021.08.05...2021.08.05
	</versionCompare>

	<scriptfile>installerScript.php</scriptfile>
	<minimumPhp>7.3.0</minimumPhp>
	<maximumPhp>8.9999.9999</maximumPhp>
	<minimumJoomla>3.9.0</minimumJoomla>
	<maximumJoomla></maximumJoomla>
	<allowDowngrades>1</allowDowngrades>

	<files>
		<filename plugin="customcssghsvs">customcssghsvs.php</filename>
		<filename>installerScript.php</filename>
		<filename>LICENSE.txt</filename>
		<folder>language</folder>
	</files>

	<media folder="media" destination="plg_system_customcssghsvs">
		<folder>backend</folder>
		<folder>frontend</folder>
	</media>

	<config>
		<fields name="params" addfieldpath="plugins/system/customcssghsvs/fields">

			<fieldset name="basic">
				<field type="hidden" default="1" name="customcssghsvsplugin" />
			</fieldset>
		</fields>
	</config>

</extension>
